Speaker,StrRefCount,LegacyClips,HasLegacyVO
Dornj,1727,576,Yes
Rasaadj,1594,493,Yes
Hexxatj,1284,390,Yes
Bviconi,992,1,Yes
Banomen,953,0,No
Neeraj,937,418,Yes
Bjaheir,796,0,No
Jaheira,779,0,No
Nalia,701,0,No
Ohbnoob,693,0,No
Baerie,676,0,No
Hexxa25J,639,238,Yes
Anomen,535,0,No
Viconij,530,1,Yes
Rasaa25J,422,154,Yes
Hexxat,421,149,Yes
Aerie,400,0,No
Ohbdenna,391,260,Yes
Dorn25J,383,135,Yes
Edwin,367,0,No
Botsmith,356,0,No
HaerDalis,354,0,No
Ohrmeems,354,133,Yes
Shthlt01,347,0,No
Ohdtmfil,341,129,Yes
Keldorn,339,0,No
Bvicon25,334,0,No
Minsc,292,0,No
Ohbstann,287,111,Yes
Baerie25,278,1,Yes
Bsarev25,277,0,No
Ohrhhelm,276,108,Yes
Uhmay01,272,0,No
Banome25,266,0,No
Korgan,265,0,No
Udphae01,265,0,No
Bvalyga,253,0,No
Udsola01,252,0,No
Neera25J,251,145,Yes
Bodhi,246,0,No
Bhexxat,243,0,No
Bdhigg01,242,0,No
Ohdyarr,233,102,Yes
Janj,224,0,No
Aran,223,0,No
Ohbbrodl,216,88,Yes
Bneera,210,0,No
Ohbtartl,206,77,Yes
Gaelan,201,0,No
Kpdomo01,200,0,No
Bkeldor,198,0,No
Ohbvoghi,198,68,Yes
Bhaerda,197,0,No
Ohdwntrb,196,66,Yes
Cernd,191,0,No
Bkorgan,190,0,No
Sarmel01,190,0,No
C6Elhan2,188,0,No
Bjahei25,185,0,No
Bcernd,181,0,No
Yoshj,180,0,No
Townc01,180,0,No
Haerdaj,177,0,No
Celogan,175,0,No
Demson,175,0,No
Renal,174,0,No
Wsmith01,173,0,No
Mgappr02,169,0,No
Ohhfak,169,51,Yes
Ohdsumm,168,66,Yes
Ohrlemze,168,0,No
Raelis,166,0,No
Pircor03,166,0,No
Pircor04,166,0,No
Ohrsscar,164,63,Yes
Byoshim,161,0,No
Bimoen25,160,0,No
Bjan,159,0,No
Cerndj,159,0,No
Ohntelan,156,70,Yes
Bmazzy,153,0,No
Mazzyj,152,0,No
Sctelwyn,151,0,No
Sarev25A,151,0,No
Mgteos01,150,0,No
Brasaad,150,0,No
Ohbtimmo,149,69,Yes
Ohhcabri,148,78,Yes
Solar,147,0,No
Ohrmocom,147,76,Yes
Rasaad,143,52,Yes
Sahpr1,138,0,No
Ppstat01,137,0,No
Player1,136,0,No
Garren,133,0,No
Gorodr1,133,0,No
Ohbmolza,133,0,No
Bdorn,132,0,No
Bedwin,130,0,No
Ohbgezzt,130,61,Yes
Bkorga25,129,0,No
Ppsaem3,128,0,No
Uddrow16,128,0,No
Ohbdulf,128,63,Yes
Bhoisig,127,0,No
Ohrcuddy,127,42,Yes
Bminsc,126,0,No
Bharval,126,0,No
Hendak,126,0,No
Delon,126,0,No
Bernard,125,1,Yes
Fsspir3,125,0,No
Valygarj,124,0,No
Hprelate,123,0,No
Ohrhgua1,123,0,No
Jaheirap,122,0,No
Ohhkork,121,64,Yes
Gormad1,120,0,No
Kpcapt01,119,0,No
Sahkng01,118,0,No
Rylock,117,0,No
Ppireni2,117,0,No
C6Drizz1,117,0,No
Sudemin,117,0,No
Ohrtruth,117,50,Yes
Bhnalla,116,0,No
Ohhburic,113,0,No
Baronp,112,0,No
Ohdvern,112,42,Yes
Ohdxach,110,48,Yes
Uddrow04,108,0,No
Bneera25,108,0,No
Gorcamb,107,0,No
Ohrcollu,107,49,Yes
Trgeni01,105,0,No
Bjan25,105,0,No
Marlowe,105,0,No
Ohhphrey,105,56,Yes
Ohrconf,104,40,Yes
Rigen01,102,0,No
Dorn,102,30,Yes
Ohrssm01,102,0,No
Ohrhmfen,102,37,Yes
Hervo,101,0,No
Sarvolo,101,0,No
Ohhkichi,100,0,No
Ohbgerro,100,40,Yes
Inspect,99,0,No
Ohdugoth,99,48,Yes
Scsain,96,0,No
Uhinn01,96,0,No
Ppworker,96,0,No
Trevil01,96,0,No
Hexxatp,95,41,Yes
Ohbfeldr,95,41,Yes
Ohbellra,95,32,Yes
Ohbsymm,95,38,Yes
Imoen,94,0,No
Sahbeh01,93,0,No
Udsilver,93,0,No
Gordemo,93,0,No
Ohrropml,93,32,Yes
Ohnmiron,93,44,Yes
Trhmer01,92,0,No
Udsimyaz,92,0,No
Amsaemon,92,0,No
Ribald,91,0,No
Tolger,91,0,No
Jugjer01,91,0,No
Udvith,91,0,No
Bmazzy25,91,0,No
Ohrhgua2,91,0,No
Ohbmercy,91,43,Yes
Daleson,90,0,No
Scjerlia,90,0,No
Ambar01,90,0,No
Jan,88,0,No
Uhman02,88,0,No
Helmbyr,88,0,No
Ppsaem,88,0,No
Ohbbello,87,35,Yes
Ohnmeret,86,45,Yes
Ohdrdef,86,0,No
Breg01,85,0,No
Ohhraffi,85,37,Yes
Ohnhayes,85,35,Yes
Scyarryl,84,0,No
Riftm01,84,0,No
Amlich01,84,0,No
Talvilon,83,0,No
Latlara,83,0,No
Udardul,83,0,No
Ohhcab25,83,44,Yes
Ohnbarad,83,40,Yes
Ohbcook,83,0,No
Ohnfadel,83,34,Yes
Lavok,82,0,No
Roger,82,0,No
Bystand2,81,0,No
Hgnya01,81,0,No
Ppdesh,80,0,No
Bkeldo25,80,0,No
Ohbhort,80,39,Yes
Sarkis01,79,0,No
Bvalyg25,79,0,No
Ohrjolst,79,25,Yes
Ohngduke,78,30,Yes
Ohbleoka,78,34,Yes
Ohbcurel,78,0,No
Ohnszass,78,38,Yes
Mazzy5,77,0,No
Ohdnaima,77,28,Yes
Bnalia,76,0,No
Lout,76,0,No
Drshsp01,76,0,No
Jahei25J,76,0,No
Lyros,75,0,No
Gaal,75,0,No
Maevar,75,0,No
Delcia,75,0,No
Bylanna,75,0,No
Shthlt02,75,0,No
Vicon25J,75,0,No
Bminsc25,75,0,No
Bhaerd25,75,0,No
Hexxa25A,75,28,Yes
Firkra02,74,0,No
Ppireni1,74,0,No
Uhogre01,73,0,No
Mazzy,73,0,No
Bdorn25,73,0,No
Ohdplanl,73,33,Yes
Minsca,72,0,No
Hellsare,72,0,No
Dadrow03,72,0,No
Meronia,71,0,No
Ohrhmkel,71,24,Yes
Keldor,70,0,No
Sassar,70,0,No
Gorsal,70,0,No
Balth,70,0,No
Bnalia25,70,0,No
Bystand1,69,0,No
Hamek,69,0,No
Bazeye01,69,0,No
Ohdazoth,69,33,Yes
Ohblaris,69,1,Yes
Yoshimo,68,0,No
Mairyn,68,0,No
Jarlaxle,68,0,No
Ohrphm,68,0,No
Ohralor2,68,0,No
Sewerm1,67,0,No
Ptagget,67,0,No
Udsvir03,67,0,No
Ohhdrago,67,0,No
Ohnkirik,67,0,No
Sudeminx,66,0,No
Corgeig,65,0,No
Tbbelt,65,0,No
Ohnknock,65,31,Yes
Loutcapt,64,0,No
Habrega,64,0,No
Imoen2J,64,0,No
Bcernd25,64,0,No
Kayl2,63,0,No
Bodhi2,63,0,No
Famil2,63,0,No
Ohrlemp,63,30,Yes
Cor,62,0,No
Trinnk01,62,0,No
Amcarras,62,0,No
Famil225,62,0,No
Ohnzavia,62,32,Yes
Terrece,61,0,No
Wilson,61,0,No
Ohnregi,61,29,Yes
Scsarles,60,0,No
Plgirl01,60,0,No
Trskin06,60,0,No
Pircor01,60,0,No
Pircor05,60,0,No
Fsridd,60,0,No
Sarcpt01,60,0,No
Wish25,60,0,No
Keldorp,59,0,No
Xc6Elxxx,59,0,No
Ohrherat,59,18,Yes
Ohhstone,59,0,No
Riftg01,58,0,No
Hellprid,58,0,No
Bedwin25,58,0,No
Ohblngns,58,0,No
Aataqah,57,0,No
Scdur,57,0,No
Pircor02,57,0,No
Dadrow12,57,0,No
Daabol,57,0,No
Ffbart,56,0,No
Mgappr03,56,0,No
Mgappr01,56,0,No
Samia,56,0,No
Bdact05,56,0,No
Trmer02,56,0,No
Trskin02,56,0,No
Hellfear,56,0,No
Yagcon,56,0,No
Drunk1,55,0,No
Mazzyp,55,0,No
Sevbar01,55,0,No
Udsvir05,55,0,No
Hgwra01,55,0,No
Ohhqais,55,27,Yes
Bhexxa25,55,0,No
Ohbmardu,55,0,No
Lehtin,54,0,No
Obssol01,54,0,No
Kpmerc01,54,0,No
Trgrd03,54,0,No
Sarbar01,54,0,No
Ohhiqbal,54,30,Yes
Neera,54,27,Yes
Sengua01,53,0,No
Ohrtallu,53,0,No
Brasaa25,53,0,No
Quayle,52,0,No
Shape,52,0,No
Riftg03,52,0,No
Tanally1,52,0,No
Pelanna,52,0,No
Udduer01,52,0,No
Hellself,52,0,No
C6Bodhi,52,0,No
Gorcar,52,0,No
Gorapr,52,0,No
Anome25J,52,0,No
Ohrbsm,52,20,Yes
Murdgirl,51,0,No
Kamir,51,0,No
Bdact06,51,0,No
Sartem01,51,0,No
Aerie25J,51,0,No
Ohbjoker,51,0,No
Messen,50,0,No
Kaypal02,50,0,No
Jaylos,50,0,No
Trple01,50,0,No
Ohnamani,50,28,Yes
Plmetr01,49,0,No
Shaava01,49,0,No
Trfued01,49,0,No
Ppsaem2,49,0,No
Sahpr2,49,0,No
Ohhhafiz,49,24,Yes
Surly,48,0,No
Doug,48,0,No
Temsup,48,0,No
Trfued05,48,0,No
Calaha,48,0,No
Imoen2,48,0,No
Sarvie01,48,0,No
Ohrsahan,48,25,Yes
Ohrbssm1,48,0,No
Salvanas,47,0,No
Tanner,47,0,No
Uhkid01,47,0,No
Bdact04,47,0,No
Wish,47,0,No
Imoen25J,47,0,No
Idryad3,46,0,No
Dmark1,46,0,No
Anomenp,46,0,No
Drush,46,0,No
Famil3,46,0,No
Ohrgeld,46,0,No
Ohblea,46,15,Yes
Korgana,45,0,No
Dorn25A,45,15,Yes
Rielev,45,0,No
Jagalvar,45,0,No
Crothf01,45,0,No
Famil325,45,0,No
Ohrbmm,45,18,Yes
Ohnghall,45,20,Yes
Berrun,44,0,No
Dshop01,44,0,No
Naliap,44,0,No
Garkid01,44,0,No
Cltiva01,44,0,No
Udsvir08,44,0,No
Gorlum,44,0,No
Finsol01,44,0,No
Cefaldor,43,0,No
Shop06,43,0,No
Ruffian,43,0,No
Imoen10,43,0,No
Garkid02,43,0,No
Uddemon,43,0,No
Hellgree,43,0,No
Amcler02,43,0,No
25Spell,43,0,No
Ohhmirri,43,23,Yes
Gerhar,42,0,No
Cederil,42,0,No
Bunkin,42,0,No
Shth05,42,0,No
Uddrow06,42,0,No
C6Coran,42,0,No
Sarcnt01,42,0,No
Fatesp,42,0,No
Ohrghell,42,26,Yes
Ohrtheye,42,0,No
Ohnking,42,21,Yes
Bimoen2,42,0,No
Ohnrwbou,42,0,No
Ohbimim,42,0,No
Isaea,41,0,No
Escort3,41,0,No
Waylane,41,0,No
Doghma,41,0,No
Trmtow01,41,0,No
Ohrcless,41,19,Yes
Aeriep,40,0,No
Escort2,40,0,No
Kylie1,40,0,No
Mazzy1,40,0,No
Llynis,40,0,No
Janp,40,0,No
Clcoti01,40,0,No
Hellgen,40,0,No
Bodhiamb,40,0,No
Gorapp1,40,0,No
Ohndaxus,40,24,Yes
Ohbgc01,40,0,No
Corneil,39,0,No
Idjinni,39,0,No
Wellyn,39,0,No
Prisonk1,39,0,No
Nevaziah,39,0,No
Shagho02,39,0,No
Trgyp02,39,0,No
Elelev01,39,0,No
Domt,39,0,No
Senbeh01,39,0,No
Ohrtreya,39,21,Yes
Ohramphi,39,0,No
Ohralor,39,24,Yes
Trax,38,0,No
Prophet1,38,0,No
Genie1,38,0,No
Kftown01,38,0,No
Murdbegg,38,0,No
Udsvir04,38,0,No
Hlskull,38,0,No
Greyhand,38,0,No
Ohnlanne,38,24,Yes
Shop03,37,0,No
Hist1,37,0,No
Pace,37,0,No
Gemfar02,37,0,No
Sppain,37,0,No
Ppinn01,37,0,No
Maeguy01,37,0,No
Uddoor02,37,0,No
Suelf10,37,0,No
Gorlum2,37,0,No
Cedruid1,36,0,No
Valygar,36,0,No
Llarsh,36,0,No
Thief7,36,0,No
Belmin,36,0,No
Pdwarf01,36,0,No
Brus2,36,0,No
Uddrow10,36,0,No
Ohrsgma1,36,0,No
Hexxa25P,36,12,Yes
Ohbstirv,36,0,No
Torgal,35,0,No
Desslo,35,0,No
Shthass1,35,0,No
Shagho01,35,0,No
Gorje,35,0,No
Udtrap05,35,0,No
Valyg25J,35,0,No
Chalcy01,35,0,No
Ohhkeno,35,15,Yes
Viconi,34,0,No
Circg1,34,0,No
Andris,34,0,No
Reedle,34,0,No
Jugdar01,34,0,No
Borinall,34,0,No
Dragblac,34,0,No
Gortan1,34,0,No
Gorbat1,34,0,No
Mazzy25A,34,0,No
Sarpro01,34,0,No
Ohbmc,34,0,No
Ohrphyll,34,0,No
Ohrdws01,34,0,No
Ohnquaid,34,9,Yes
Ohbnajim,34,12,Yes
Ohdscrol,34,0,No
Jadermin,33,0,No
Dharlot2,33,0,No
Berinvar,33,0,No
Renfeld,33,0,No
Slilmat,33,0,No
Bdact08,33,0,No
Ppsime,33,0,No
Ppbodhi4,33,0,No
Crthf03,33,0,No
Sahimp02,33,0,No
Pirmur09,33,0,No
Suelhan,33,0,No
Famil1,33,0,No
Anome25A,33,0,No
Ammerc03,33,0,No
Bazpat01,33,0,No
Neerap,33,15,Yes
Ajanti,32,0,No
Hidden,32,0,No
Death2,32,0,No
Arenthis,32,0,No
Scljyss,32,0,No
Trskin01,32,0,No
Nalbarg,32,0,No
Meliss01,32,0,No
Bazmonk,32,0,No
Famil125,32,0,No
Ohdtread,32,17,Yes
Ohrfiddi,32,19,Yes
Ohhhafsa,32,11,Yes
Ohnvicro,32,21,Yes
Jan2,31,0,No
Grael,31,0,No
Gemjeb01,31,0,No
Rgrwlf01,31,0,No
Sahimp01,31,0,No
Jan25J,31,0,No
Ohdtragg,31,12,Yes
Madam,30,0,No
Fatman,30,0,No
Viconip,30,0,No
Clglin01,30,0,No
Travin,30,0,No
Kpgrd01,30,0,No
Idiotp,30,0,No
Trthf01,30,0,No
Udduer02,30,0,No
Uddrow08,30,0,No
Daslave1,30,0,No
Dadrow16,30,0,No
Imnbook1,30,0,No
Kruin,30,0,No
Goralt1,30,0,No
Sarmag01,30,0,No
Vicon25A,30,0,No
Sarev25J,30,0,No
Ammayor,30,0,No
Korga25J,30,0,No
Amfaheed,30,0,No
Ohdbbro,30,0,No
Ohrhmonk,30,0,No
Ohroazma,30,15,Yes
Banmer,29,0,No
Cechalle,29,0,No
Dopmer,29,0,No
Sphurg,29,0,No
Prophet2,29,0,No
Amsi,29,0,No
Binnkeep,29,0,No
Uhmer01,29,0,No
Hurgisf,29,0,No
Kpcapt02,29,0,No
Elearb02,29,0,No
Elearb03,29,0,No
Drshlo01,29,0,No
Rillpuzz,29,0,No
Amsmith,29,0,No
Sarthf1,29,0,No
Ohdboll,29,12,Yes
Cebeggar,28,0,No
Idryad2,28,0,No
Beggar1,28,0,No
Forthe,28,0,No
Uhinn02,28,0,No
Plfarm05,28,0,No
Hurgisr,28,0,No
Bdprst01,28,0,No
C6Elf1,28,0,No
Ppsanik,28,0,No
Pirmur10,28,0,No
Suelle,28,0,No
Sarmat01,28,0,No
Hgkar01,28,0,No
Ohdfirej,28,16,Yes
Ohnsnake,28,7,Yes
Korshag,27,0,No
Bounty,27,0,No
Ftown5,27,0,No
Copgreet,27,0,No
Kpchap01,27,0,No
Bdbart01,27,0,No
Bdact03,27,0,No
Udtrap02,27,0,No
C6Elhan1,27,0,No
Suelf13,27,0,No
Gorpol1,27,0,No
Gorchr,27,0,No
Valyg25A,27,0,No
Gorimp01,27,0,No
Amarch02,27,0,No
Chaldt01,27,0,No
Ohrshani,27,12,Yes
Ohhculak,27,0,No
Haerdap,26,0,No
Ftowbe,26,0,No
Vaelas,26,0,No
Flam4,26,0,No
Dshop02,26,0,No
Ctraitor,26,0,No
Yarin,26,0,No
Elgea,26,0,No
Tbimoenj,26,0,No
Crothf02,26,0,No
Naldirt,26,0,No
Yoshimox,26,0,No
Edwin25J,26,0,No
Ohrcloak,26,11,Yes
Ohrropm1,26,0,No
Ohrrazva,26,0,No
Bentan,25,0,No
Dbeggar,25,0,No
Peony,25,0,No
Rumora,25,0,No
Rgrsta01,25,0,No
Firtrl01,25,0,No
Clardi01,25,0,No
Trthf02,25,0,No
C6Harp,25,0,No
Daduer1,25,0,No
Edwin25A,25,0,No
Jan25A,25,0,No
Amelm01,25,0,No
Ohdzara,25,0,No
Ohbnoshu,25,0,No
Avery,24,0,No
Dorkus,24,0,No
Idryad1,24,0,No
Arkush,24,0,No
Slshop01,24,0,No
Dushai,24,0,No
Thumb,24,0,No
Brelm,24,0,No
Murcrag,24,0,No
Tirdir,24,0,No
Becky,24,0,No
Obssol02,24,0,No
Crogam01,24,0,No
Uddrow07,24,0,No
C6Squire,24,0,No
Pirmur04,24,0,No
Haerd25A,24,0,No
Sarpel01,24,0,No
Ohrkilli,24,0,No
Dorn25P,24,11,Yes
Ohdddolr,24,12,Yes
Dornp,24,12,Yes
Degard,23,0,No
Cenanny,23,0,No
Ceglut,23,0,No
Elmin5,23,0,No
Elfbount,23,0,No
Jaertof,23,0,No
Clmom,23,0,No
Wcust03,23,0,No
Korpim,23,0,No
Gemfar01,23,0,No
Uhfarm02,23,0,No
Shth01,23,0,No
Uhkid03,23,0,No
Firorc03,23,0,No
Firwlf01,23,0,No
Arngrl01,23,0,No
Udogre,23,0,No
Dadrow17,23,0,No
Gorarc1,23,0,No
Keldo25A,23,0,No
Chalin01,23,0,No
Blushc,22,0,No
Beland,22,0,No
Edwinw,22,0,No
Maria,22,0,No
Baresh,22,0,No
Tiana,22,0,No
Gereth,22,0,No
Uhmer03,22,0,No
Plfarm04,22,0,No
Tbxanj,22,0,No
Bdact02,22,0,No
Trrak01,22,0,No
Ppdoor,22,0,No
Uhpat01,22,0,No
Udduer03,22,0,No
Suelle2,22,0,No
Fsglobe,22,0,No
Aerie25A,22,0,No
Cernd25A,22,0,No
Jahei25A,22,0,No
Minsc25A,22,0,No
Nalia25A,22,0,No
Ohhgm01,22,0,No
Ohhayesh,22,13,Yes
Ohbdance,22,0,No
Trguard,21,0,No
Beggba,21,0,No
Igolem1,21,0,No
Mtown1,21,0,No
Ftown2,21,0,No
Trainer1,21,0,No
Thief6,21,0,No
Rumar,21,0,No
Saerk,21,0,No
Hmelvin,21,0,No
Uhfem02,21,0,No
Uhkid02,21,0,No
Bodfgt03,21,0,No
Arnman04,21,0,No
Ttbelt,21,0,No
Pptiax,21,0,No
Xxxxyy,21,0,No
Udilsla2,21,0,No
Sarson01,21,0,No
Bazdra03,21,0,No
Keldo25J,21,0,No
Haerd25J,21,0,No
Ohdhsen,21,10,Yes
Ohnthall,21,0,No
Halftr,20,0,No
Cerndp,20,0,No
Alanbl,20,0,No
Shop01,20,0,No
Madeen,20,0,No
Valygarp,20,0,No
Spech2,20,0,No
Vara1,20,0,No
Marcus,20,0,No
Uhfarm01,20,0,No
Shth03,20,0,No
Booter,20,0,No
Merchant,20,0,No
Ppbodhi3,20,0,No
Crodru01,20,0,No
Trgyp04,20,0,No
Sevpat01,20,0,No
C6Bruen1,20,0,No
Sujon,20,0,No
Helljon,20,0,No
Pirmur03,20,0,No
Hlshang,20,0,No
Sw2H14,20,0,No
Korga25A,20,0,No
Sarbha01,20,0,No
Finmel01,20,0,No
Minsc25J,20,0,No
Ohrsbg,20,0,No
Ohrmurun,20,11,Yes
Ohhkung,20,9,Yes
Ohbgua,20,0,No
Ohnbarke,20,0,No
Korganf,19,0,No
Niklos,19,0,No
Mtown2,19,0,No
Ignati,19,0,No
Boanaste,19,0,No
Embarl,19,0,No
Celvan,19,0,No
Bshop02,19,0,No
Murdboy1,19,0,No
Stein,19,0,No
Swshaman,19,0,No
Garrick,19,0,No
Hapip,19,0,No
Uhman01,19,0,No
Uhmer02,19,0,No
Shth02,19,0,No
Vulova,19,0,No
Plfarm06,19,0,No
Ppcowled,19,0,No
Trskin05,19,0,No
Crogam02,19,0,No
Scroll01,19,0,No
Elepuz02,19,0,No
Edwinp,19,0,No
Udsvir01,19,0,No
Warsage,19,0,No
Ppjoye2,19,0,No
Dagith1,19,0,No
Govwau01,19,0,No
Druidad,19,0,No
Dpjon01,19,0,No
Illasera,19,0,No
Sarbha03,19,0,No
Ohrfilli,19,0,No
Rasaadp,19,9,Yes
Drenden,18,0,No
Caedmo,18,0,No
Guard2,18,0,No
Escort1,18,0,No
Portal,18,0,No
Kslave01,18,0,No
Acolyte2,18,0,No
Riftc02,18,0,No
Shthdr01,18,0,No
Shth04,18,0,No
Shth06,18,0,No
Rngsha01,18,0,No
Firban02,18,0,No
Kpsold01,18,0,No
Kpmaid01,18,0,No
Kplend02,18,0,No
Vvtanov,18,0,No
Mgbill01,18,0,No
Ppdili,18,0,No
Ppdemon,18,0,No
Pirpir05,18,0,No
Uddoor01,18,0,No
C6Gener,18,0,No
Dadrow26,18,0,No
Suelleap,18,0,No
Fsspir2,18,0,No
Aerie25P,18,0,No
Anome25P,18,0,No
Imoen25A,18,0,No
Valyg25P,18,0,No
Dreampc,18,0,No
Sendai,18,0,No
Sarprovf,18,0,No
Ohdplanj,18,8,Yes
Ohbbrans,18,0,No
Kalah2,17,0,No
R179,17,0,No
Cyderm,17,0,No
Coksmth,17,0,No
Beast,17,0,No
Credus,17,0,No
Binky,17,0,No
Chloe,17,0,No
Slaver4,17,0,No
Gorch,17,0,No
Dezkiel,17,0,No
Mazzy2,17,0,No
Tirlana,17,0,No
Scqar,17,0,No
Vicfan1,17,0,No
Firkra01,17,0,No
Vvhareis,17,0,No
Neeber,17,0,No
Ppaphril,17,0,No
Elepuz03,17,0,No
Udtrap06,17,0,No
Resuna,17,0,No
Udlesa,17,0,No
Uddrow22,17,0,No
Suelf3,17,0,No
Pirmur08,17,0,No
Suavatar,17,0,No
Dadrow6,17,0,No
Viekang,17,0,No
Gortor1,17,0,No
Gortor2,17,0,No
Gortor3,17,0,No
Gortor4,17,0,No
Gortor5,17,0,No
Gortor6,17,0,No
Gorsuc01,17,0,No
Ppguy01,17,0,No
Ohrdmh1,17,0,No
Ohhdecoy,17,8,Yes
Ohdsword,17,5,Yes
Ohbshort,17,0,No
Kivan,16,0,No
Khellor,16,0,No
Minscp,16,0,No
Iron13,16,0,No
Sethle,16,0,No
Life1,16,0,No
Clone1,16,0,No
Ftown6,16,0,No
Spjeag,16,0,No
Jarevia,16,0,No
Larria,16,0,No
Games3,16,0,No
Grae,16,0,No
Thieftes,16,0,No
Ancan,16,0,No
Arnman03,16,0,No
Tbbranj,16,0,No
Aesold,16,0,No
Aeextort,16,0,No
Vvmadman,16,0,No
Ppimoen,16,0,No
Ppnalj,16,0,No
Elepuz01,16,0,No
Ishadmt1,16,0,No
Imoen2P,16,0,No
Trevil02,16,0,No
Rerak01,16,0,No
Suelf2,16,0,No
Suelf12,16,0,No
Gorbel,16,0,No
Sarfem02,16,0,No
Jahei25P,16,0,No
Vicon25P,16,0,No
Amcler01,16,0,No
Ammonk02,16,0,No
Mazzy25J,16,0,No
Sarprovm,16,0,No
Orphan1,16,0,No
Ohrdwrf2,16,0,No
Neera25A,16,7,Yes
Vaelasa,15,0,No
Shop02,15,0,No
Amng1,15,0,No
Ftowba,15,0,No
Meilum,15,0,No
Nessie,15,0,No
Corson,15,0,No
Prophet3,15,0,No
Gorf1,15,0,No
Pala,15,0,No
Acolyte1,15,0,No
Acolyte3,15,0,No
Ffrecep,15,0,No
Temamn01,15,0,No
Uhgirl01,15,0,No
Elotte,15,0,No
Kplend01,15,0,No
Vvdel,15,0,No
Vvhelp,15,0,No
Elepuz04,15,0,No
Neb,15,0,No
Udtrap01,15,0,No
Udimrae,15,0,No
Udvamp01,15,0,No
Pircor06,15,0,No
Hlsion,15,0,No
Korga25P,15,0,No
Sengua03,15,0,No
Nalia25J,15,0,No
Sardw01,15,0,No
Sarbul04,15,0,No
Ammgrd05,15,0,No
Sarthf2,15,0,No
Rasaa25A,15,9,Yes
Ohdrikko,15,0,No
Ohdbald,15,0,No
Slaver1,14,0,No
Achen,14,0,No
Igolem2,14,0,No
Eldotp,14,0,No
Ftownaz,14,0,No
Hafiz,14,0,No
Telano,14,0,No
Yoshp,14,0,No
Dbeggar2,14,0,No
Tcyrando,14,0,No
Pehllus,14,0,No
Rift01,14,0,No
Uhfem01,14,0,No
Pbhunt01,14,0,No
Plfarm02,14,0,No
Arnman05,14,0,No
Arnwar08,14,0,No
Vvpriest,14,0,No
Sahcpt02,14,0,No
Sahbar03,14,0,No
Sahpr4,14,0,No
Tokcre01,14,0,No
Suelf1,14,0,No
Dadrow23,14,0,No
Bazdra01,14,0,No
Amgrav01,14,0,No
Ohrblynn,14,0,No
Ohrdmh2,14,0,No
Wilsonp,14,0,No
Z,13,0,No
Lissa,13,0,No
Lassal,13,0,No
Ceigarol,13,0,No
Golinv,13,0,No
Brat1,13,0,No
Beggar3,13,0,No
Montap,13,0,No
Dynahp,13,0,No
Jatermin,13,0,No
Games4,13,0,No
Menda3,13,0,No
Ftownul,13,0,No
Bmthief,13,0,No
Thief1,13,0,No
Thief5,13,0,No
Wall1,13,0,No
Dlost,13,0,No
Tcadril,13,0,No
Gbegg01,13,0,No
Uhfarm03,13,0,No
Dream1,13,0,No
Caehan,13,0,No
Antenos,13,0,No
Plshkn01,13,0,No
Arnman06,13,0,No
Kprang01,13,0,No
Vvamn1,13,0,No
Trnobf01,13,0,No
Trnobm01,13,0,No
Trskin03,13,0,No
Ppdradee,13,0,No
Ppbhaal,13,0,No
Pptiax2,13,0,No
Ppgirl,13,0,No
Trgyp01,13,0,No
Elearb01,13,0,No
Uddrow23,13,0,No
Suelf5,13,0,No
C6Warsa1,13,0,No
C6Warsa2,13,0,No
Ohrhdeep,13,0,No
Ohrhaldo,13,0,No
Ohbelgia,13,11,Yes
Ohhaunt,13,0,No
Volo,12,0,No
Regina,12,0,No
Borin,12,0,No
Bellam,12,0,No
Shop04,12,0,No
Shop05,12,0,No
Beggar2,12,0,No
Csgaal,12,0,No
Dfisher,12,0,No
Mazzy3,12,0,No
Danno1,12,0,No
Sguard1,12,0,No
Wcust05,12,0,No
Riftc01,12,0,No
Obsgol01,12,0,No
Rumort,12,0,No
Clrani01,12,0,No
Plshkn02,12,0,No
Ttimoenj,12,0,No
Kproen01,12,0,No
Bdact01,12,0,No
Vvshad4,12,0,No
Mgket01,12,0,No
Multij,12,0,No
Trmer03,12,0,No
Trmer04,12,0,No
Pplove,12,0,No
Tarnor,12,0,No
Elearb06,12,0,No
C6Mess,12,0,No
C6Lanf,12,0,No
Dream4,12,0,No
Pirmur01,12,0,No
Dmanno,12,0,No
Sarman03,12,0,No
Cernd25P,12,0,No
Amwar03,12,0,No
Abazigal,12,0,No
Sarbul01,12,0,No
Sarbul05,12,0,No
Malla01,12,0,No
Ohrrolf,12,0,No
Wilsonj,12,0,No
Ohbarzol,12,0,No
Ohbberyl,12,0,No
Ohrdad,12,0,No
Bounha,11,0,No
Farthin,11,0,No
R158,11,0,No
Amaran,11,0,No
Boy1,11,0,No
Tarnes,11,0,No
Games5,11,0,No
Valygarx,11,0,No
Ftowwi,11,0,No
Mtowwi,11,0,No
Mtownul,11,0,No
Spech3,11,0,No
Mazzy4,11,0,No
Shadel,11,0,No
Radeel,11,0,No
Ffcust01,11,0,No
Bshop01,11,0,No
Bbegg1,11,0,No
Welther,11,0,No
Pwauk1,11,0,No
Scbutler,11,0,No
Oghmonk1,11,0,No
Wilmat,11,0,No
Oriona,11,0,No
Lassal02,11,0,No
Franco,11,0,No
Unused,11,0,No
Ttxanj,11,0,No
Kpglai01,11,0,No
Kprang02,11,0,No
Bdgoph01,11,0,No
Trkid01,11,0,No
Crobar01,11,0,No
Ppdesh2,11,0,No
Sahchf02,11,0,No
Trple02,11,0,No
Elearb04,11,0,No
Pirpir08,11,0,No
Pirkid01,11,0,No
Dadrow18,11,0,No
Docsol03,11,0,No
Tazok,11,0,No
Gorgit,11,0,No
Edwin25P,11,0,No
Jan25P,11,0,No
Yaga02,11,0,No
Chalsp01,11,0,No
Ohdcolin,11,7,Yes
Ohrtwofo,11,5,Yes
Ohhspi02,11,0,No
Ohddixth,11,5,Yes
Doppsm,10,0,No
Rashad,10,0,No
Malkal,10,0,No
Iron11,10,0,No
Dryad,10,0,No
Cowldie,10,0,No
Mook,10,0,No
Nobl8,10,0,No
Dillar,10,0,No
Leona,10,0,No
Life2,10,0,No
Life4,10,0,No
Mtown3,10,0,No
Enna,10,0,No
Tour1,10,0,No
Tour2,10,0,No
Larze,10,0,No
Borda,10,0,No
Pallon,10,0,No
Slshop02,10,0,No
Memnis,10,0,No
Dharlot1,10,0,No
Excult1,10,0,No
Cguard1,10,0,No
Sbwench,10,0,No
Murtlen,10,0,No
Bmtown2,10,0,No
Mourner1,10,0,No
Swsfoll2,10,0,No
Postul2,10,0,No
Postul5,10,0,No
Deltow01,10,0,No
Deltow02,10,0,No
Ilbegg01,10,0,No
Wilkid01,10,0,No
Wilkid02,10,0,No
Civil02,10,0,No
Counsec,10,0,No
Ffactor3,10,0,No
Jugcol01,10,0,No
Palkni05,10,0,No
Garjum,10,0,No
Laune,10,0,No
Cohnta,10,0,No
Arnman02,10,0,No
Arnman09,10,0,No
Vvparis,10,0,No
Bdcoun01,10,0,No
Trgrd01,10,0,No
Trmer01,10,0,No
Trcut07,10,0,No
Trtavp01,10,0,No
Ppdrimo,10,0,No
Ppgith,10,0,No
Trcar03,10,0,No
Sevpat04,10,0,No
Ppjoye,10,0,No
Brus3,10,0,No
Udimp,10,0,No
Udchal,10,0,No
Dadrow21,10,0,No
Docsol02,10,0,No
Rumoru,10,0,No
Drelle,10,0,No
Sarev25P,10,0,No
Imoen25P,10,0,No
Keldo25P,10,0,No
Mazzy25P,10,0,No
Minsc25P,10,0,No
Nalia25P,10,0,No
Ammerc01,10,0,No
Rumsar,10,0,No
Rumamk,10,0,No
Cernd25J,10,0,No
Sarelf01,10,0,No
Orphan2,10,0,No
Ohdbride,10,6,Yes
Ohrbull1,10,0,No
Ohrtorca,10,0,No
Ohbwing,10,6,Yes
Ohbcogua,10,0,No
Ohnmerc1,10,0,No
Ohbhuegr,10,0,No
Montar,9,0,No
Surgeo,9,0,No
Flambg,9,0,No
Sbcust01,9,0,No
Satos,9,0,No
Amnis2,9,0,No
Krotan,9,0,No
Ajantd,9,0,No
Farm5,9,0,No
Gellan,9,0,No
Nobl5,9,0,No
Prost4,9,0,No
Ithtyl,9,0,No
Vampire1,9,0,No
Slumm2,9,0,No
Urchin3,9,0,No
Urchin2,9,0,No
Brat2,9,0,No
Mtown5,9,0,No
Guard3,9,0,No
Neira,9,0,No
Aoln,9,0,No
Ashen,9,0,No
Dandal,9,0,No
Bardol,9,0,No
Connol,9,0,No
Mugger3,9,0,No
Arled,9,0,No
Haegan,9,0,No
Druff2,9,0,No
Dcleric,9,0,No
Excult2,9,0,No
Mtown6,9,0,No
Barl,9,0,No
Ffcust03,9,0,No
Ffcust05,9,0,No
Ffcust08,9,0,No
Bftown1,9,0,No
Bbegg2,9,0,No
Bogre1,9,0,No
Slcent,9,0,No
Postul3,9,0,No
Postul4,9,0,No
Postul6,9,0,No
Winnkeep,9,0,No
Wcust01,9,0,No
Civil01,9,0,No
Clerk01,9,0,No
Ffactor2,9,0,No
Ffactor1,9,0,No
Gnoblem2,9,0,No
Gguard01,9,0,No
Diane,9,0,No
Tanwiz1,9,0,No
Kaypal03,9,0,No
Shthstor,9,0,No
Obshal03,9,0,No
Rumori,9,0,No
Imoemj,9,0,No
Arnman01,9,0,No
Kpfarm01,9,0,No
Vvsansuk,9,0,No
Aemerch,9,0,No
Trmtow02,9,0,No
Trmtow03,9,0,No
Trmtow04,9,0,No
Trftow03,9,0,No
Trftow04,9,0,No
Trthf03,9,0,No
Trskin04,9,0,No
Trftow01,9,0,No
Trftow05,9,0,No
Trmtow05,9,0,No
Trcar01,9,0,No
Trgyp03,9,0,No
Sevdru01,9,0,No
Elearb07,9,0,No
Udkuo01,9,0,No
Dpjon02,9,0,No
Drelle2,9,0,No
Haerd25P,9,0,No
D1Gori,9,0,No
Amcst03,9,0,No
Sarwai01,9,0,No
Sarkis02,9,0,No
Ohddoor1,9,0,No
Ohdbfath,9,6,Yes
Ohdhamms,9,0,No
Ohrdaltn,9,6,Yes
Ohrakuda,9,6,Yes
Ohdhelmk,9,0,No
Cattac,8,0,No
Lowlgu,8,0,No
Poghm7,8,0,No
Iron9,8,0,No
Hunter,8,0,No
Amnise,8,0,No
Serva2,8,0,No
Terl,8,0,No
Iron12,8,0,No
Travel,8,0,No
Nila,8,0,No
Poe,8,0,No
Willia,8,0,No
Sewsw,8,0,No
Bentha,8,0,No
Slumm1,8,0,No
Urchin1,8,0,No
Slumf1,8,0,No
Fahrin,8,0,No
Llinde,8,0,No
Noblew2,8,0,No
Noblem3,8,0,No
Lussel,8,0,No
Ftown7,8,0,No
Alorap,8,0,No
Coranp,8,0,No
Chase,8,0,No
Mtowba,8,0,No
Mtowbez,8,0,No
Ftowbez,8,0,No
Bob,8,0,No
Aaaaa,8,0,No
Emitar,8,0,No
Cult2,8,0,No
Druff1,8,0,No
Pick1,8,0,No
Pick2,8,0,No
Daitel,8,0,No
Cultist1,8,0,No
Cultist2,8,0,No
Korganp,8,0,No
Copcust2,8,0,No
Priss,8,0,No
Ffcust04,8,0,No
Bmtown1,8,0,No
Bmtown3,8,0,No
Bmtown4,8,0,No
Burch2,8,0,No
Bprost1,8,0,No
Bprost2,8,0,No
Bfisher1,8,0,No
Bfishw1,8,0,No
Bhalf1,8,0,No
Bnoble2,8,0,No
Mourner6,8,0,No
Mourner7,8,0,No
Postul1,8,0,No
Cldad,8,0,No
Bwench,8,0,No
Barsail1,8,0,No
Bhelm,8,0,No
Gmtown01,8,0,No
Gftown02,8,0,No
Gnoblem1,8,0,No
Gnoblef1,8,0,No
Cohrvale,8,0,No
Gftown01,8,0,No
Gmtown02,8,0,No
Gnoblef2,8,0,No
Worker01,8,0,No
Hajanos,8,0,No
Kaypal01,8,0,No
Tassa,8,0,No
Tbjaheij,8,0,No
Kprunn01,8,0,No
Kpfarm03,8,0,No
Aewere1,8,0,No
Aewere5,8,0,No
Mgkhol01,8,0,No
Trgeni02,8,0,No
Pparan2,8,0,No
Ppwanev,8,0,No
Trwen01,8,0,No
Trnobm02,8,0,No
Trnobf02,8,0,No
Ppwanev2,8,0,No
Fuagnon,8,0,No
Trcar04,8,0,No
Uddrow26,8,0,No
Uddrow24,8,0,No
Suelf6,8,0,No
Suelf7,8,0,No
Suelf8,8,0,No
Pirmur05,8,0,No
Docsol01,8,0,No
Reckon,8,0,No
Sarjai01,8,0,No
Gromnir,8,0,No
Ammerc02,8,0,No
Amwar01,8,0,No
Senpri,8,0,No
Sarcul01,8,0,No
Sartro03,8,0,No
Amtgen01,8,0,No
Bazpat02,8,0,No
Ohrjaden,8,8,Yes
Ohhgm02,8,0,No
Ohrtadda,8,0,No
Ohhspi01,8,0,No
Ohrbrait,8,0,No
Ohnscoll,8,5,Yes
Iron3,7,0,No
Tiaxd,7,0,No
Ogrma2,7,0,No
Druidc,7,0,No
Iron7,7,0,No
Minec3,7,0,No
Korax,7,0,No
Bandic,7,0,No
Flam9,7,0,No
Delryng1,7,0,No
Haffg2,7,0,No
Brat3,7,0,No
Ftown1,7,0,No
Ftown3,7,0,No
Noblew3,7,0,No
Nadari,7,0,No
Ajantp,7,0,No
Branwp,7,0,No
Gaxir,7,0,No
Quonin,7,0,No
Kagaip,7,0,No
Kivanp,7,0,No
Quaylp,7,0,No
Csiren,7,0,No
Karlat,7,0,No
Torlo,7,0,No
Chelan,7,0,No
Bub,7,0,No
Drelik,7,0,No
Mugger1,7,0,No
Slhalf02,7,0,No
Angeli,7,0,No
Bill,7,0,No
Durlyle,7,0,No
Delainy,7,0,No
Dsailor2,7,0,No
Riggilo,7,0,No
Stonedl,7,0,No
Sbcust02,7,0,No
Mazzy6,7,0,No
Homeless,7,0,No
Heartg4,7,0,No
Ffwench,7,0,No
Ffcust06,7,0,No
Bftown2,7,0,No
Bftown3,7,0,No
Burch1,7,0,No
Bertrand,7,0,No
Bnoble1,7,0,No
Cowenf2,7,0,No
Mourner5,7,0,No
Pwauk2,7,0,No
Heartg5,7,0,No
Taxcoll,7,0,No
Argrim,7,0,No
Vesper,7,0,No
Obshal01,7,0,No
Uhboy01,7,0,No
Firorc02,7,0,No
Rumorp,7,0,No
Mookft01,7,0,No
Mookft02,7,0,No
Arnboy01,7,0,No
Aewimer1,7,0,No
Vvarkan,7,0,No
Vvbodhi,7,0,No
Trgrd02,7,0,No
Multig,7,0,No
Trtavp02,7,0,No
Trtavp03,7,0,No
Trtavp04,7,0,No
Trtavp05,7,0,No
Ppdrimov,7,0,No
Trftow02,7,0,No
Crowen01,7,0,No
Sahpr3,7,0,No
Ppstor01,7,0,No
Elearb11,7,0,No
Pirpir04,7,0,No
Pirgrd01,7,0,No
Firmag01,7,0,No
Uddrow09,7,0,No
Udslv02,7,0,No
Suelf4,7,0,No
Ppldr01,7,0,No
Qcirc01,7,0,No
Sentinel,7,0,No
Gorgar1,7,0,No
Yaga01,7,0,No
Amasana,7,0,No
Amcst01,7,0,No
Amcst04,7,0,No
Bazpat03,7,0,No
Ohrdws02,7,0,No
Ohraldun,7,7,Yes
Ohhumol,7,0,No
Ohbmhsm,7,0,No
Ohrsmerc,7,0,No
Elmins,6,0,No
Beeloo,6,0,No
Charmc,6,0,No
Iron5,6,0,No
Minec4,6,0,No
Iron14,6,0,No
Nobl6,6,0,No
Lobar,6,0,No
Cedruid2,6,0,No
Foresh,6,0,No
Zeke,6,0,No
Winski,6,0,No
Slumm3,6,0,No
Mtown4,6,0,No
Spoiled1,6,0,No
Ftown4,6,0,No
Slumf2,6,0,No
Landlord,6,0,No
Noblem2,6,0,No
Noblew1,6,0,No
Quinn,6,0,No
Bheren,6,0,No
Fenten,6,0,No
Drunk2,6,0,No
Wench1,6,0,No
Noble1,6,0,No
Faldop,6,0,No
Genie2,6,0,No
Garrip,6,0,No
Shartp,6,0,No
Safanp,6,0,No
Jamerona,6,0,No
Rufpal1,6,0,No
Rufpal2,6,0,No
Jayes,6,0,No
Shelli,6,0,No
Jase,6,0,No
Narcil,6,0,No
Dink,6,0,No
Cauter,6,0,No
Prophet4,6,0,No
Thief2,6,0,No
Thief4,6,0,No
Thief8,6,0,No
Detran,6,0,No
Dcowl1,6,0,No
Dftown1,6,0,No
Dftown2,6,0,No
Dmtown1,6,0,No
Dmtown2,6,0,No
Dhalf1,6,0,No
Dsailor1,6,0,No
Spech1,6,0,No
Sbslum01,6,0,No
Sbslum02,6,0,No
Ffcust02,6,0,No
Bsailor1,6,0,No
Bsailor2,6,0,No
Bmugg1,6,0,No
Carbos,6,0,No
Lester,6,0,No
Clkid,6,0,No
Bamng01,6,0,No
Bamng02,6,0,No
Wcust02,6,0,No
Gphil02,6,0,No
Toady,6,0,No
Gchild01,6,0,No
Gchild02,6,0,No
Obsdem01,6,0,No
Palern,6,0,No
Arntra01,6,0,No
Tolger2,6,0,No
Kpsold02,6,0,No
Kpfarm04,6,0,No
Aewere2,6,0,No
Aewere3,6,0,No
Aewere4,6,0,No
Trfued02,6,0,No
Trfued06,6,0,No
Trkid02,6,0,No
Ppduel1,6,0,No
Ppduel2,6,0,No
Ppguard,6,0,No
Fumin,6,0,No
Fulord,6,0,No
Trcar02,6,0,No
Sevpat03,6,0,No
Elearb10,6,0,No
Pirfsh01,6,0,No
Xxxxxxx,6,0,No
Udtrap04,6,0,No
Trevil03,6,0,No
Uddrow05,6,0,No
Uddrow27,6,0,No
Uddrow28,6,0,No
Udcom01,6,0,No
Udcom02,6,0,No
Dream3,6,0,No
Susuneer,6,0,No
Ppsail02,6,0,No
Aemess,6,0,No
Gorpri1,6,0,No
Head1,6,0,No
Gromg01,6,0,No
Sarbha02,6,0,No
D1Moth,6,0,No
Amman01,6,0,No
Amfem01,6,0,No
Shugpr01,6,0,No
Sengua02,6,0,No
Senlich,6,0,No
Sarvam01,6,0,No
Amintm01,6,0,No
Ammgrd01,6,0,No
Ohrhojar,6,6,Yes
Ohdpplan,6,3,Yes
Ohbbanno,6,0,No
Ohbmesse,6,0,No
Ohblamp1,6,0,No
Ohndenna,6,6,Yes
Ohdkryll,6,0,No
Gnarl,5,0,No
Yeslic,5,0,No
Alvahe,5,0,No
Drunk,5,0,No
Housen,5,0,No
Housg3,5,0,No
Flam10,5,0,No
Housg4,5,0,No
Halfg2,5,0,No
Halfg6,5,0,No
Halfg4,5,0,No
Kayl1,5,0,No
Prost7,5,0,No
Imrae,5,0,No
Boyba3,5,0,No
Poisod,5,0,No
Kaella,5,0,No
Mrshade,5,0,No
Slumm4,5,0,No
Fatmba,5,0,No
Erlin,5,0,No
Shop07,5,0,No
Mirian,5,0,No
Nasha,5,0,No
Rinnie,5,0,No
Ardrou,5,0,No
Escort4,5,0,No
Cscowl1,5,0,No
Glad2,5,0,No
Girl2,5,0,No
Jenkal,5,0,No
Galile,5,0,No
Ichary,5,0,No
Cholga,5,0,No
Ruffie,5,0,No
Marvin,5,0,No
Whelp,5,0,No
Lesley,5,0,No
Zordral,5,0,No
Andars,5,0,No
Lantan,5,0,No
Garkla,5,0,No
Slhalf01,5,0,No
Billia,5,0,No
Flambrid,5,0,No
Childulg,5,0,No
Bhghoul4,5,0,No
Exapp2,5,0,No
Exapp1,5,0,No
Copcust3,5,0,No
Tirthold,5,0,No
Heartg3,5,0,No
Ffcust09,5,0,No
Bsailor3,5,0,No
Bdock1,5,0,No
Shank,5,0,No
Mourner3,5,0,No
Mourner4,5,0,No
Mourner2,5,0,No
Camitis,5,0,No
Swsfoll6,5,0,No
Barsail2,5,0,No
Wcust04,5,0,No
Delnob02,5,0,No
Victown1,5,0,No
Vicfan2,5,0,No
Shop08,5,0,No
Gphil01,5,0,No
Civil03,5,0,No
Civamng1,5,0,No
Civfrus1,5,0,No
Talmiss,5,0,No
Mourner8,5,0,No
Shagrl01,5,0,No
Dream2,5,0,No
Chore,5,0,No
Fetch,5,0,No
Food,5,0,No
Arnman07,5,0,No
Arnman08,5,0,No
Arntra02,5,0,No
Kpcook01,5,0,No
Kpmaid02,5,0,No
Kpbutl01,5,0,No
Kpfarm02,5,0,No
Aewere6,5,0,No
Aelotus,5,0,No
Trcut06,5,0,No
Trkid03,5,0,No
Trkid04,5,0,No
Fulady,5,0,No
Trple03,5,0,No
Pirpir10,5,0,No
Pirfsh02,5,0,No
Eleprv01,5,0,No
Drshch01,5,0,No
Sahspc01,5,0,No
Obsdem05,5,0,No
Cltcut01,5,0,No
Udtrap03,5,0,No
Cefald04,5,0,No
Hgflee,5,0,No
Uddrow14,5,0,No
Uddrow29,5,0,No
Udcom03,5,0,No
C6Safa,5,0,No
Pirdoc01,5,0,No
Pircom01,5,0,No
Pircom02,5,0,No
Suelf9,5,0,No
Suelf11,5,0,No
Amcust01,5,0,No
Hawker01,5,0,No
Chain,5,0,No
Loveone4,5,0,No
D1Sarev,5,0,No
Ammag01,5,0,No
Ammerc04,5,0,No
Amwenc01,5,0,No
Amcst02,5,0,No
Gorcamb2,5,0,No
Sarbar02,5,0,No
Tobpar01,5,0,No
Ohrbssm2,5,0,No
Ohrbull2,5,0,No
Ohhghst2,5,0,No
Ohhgg01,5,0,No
Ohrfassa,5,0,No
Ohracoly,5,0,No
Ohnredw,5,0,No
Ohdcrusa,5,0,No
Ohbsdwm,5,0,No
Ohdby02,5,0,No
Ohnredw3,5,0,No
Ohnredw4,5,0,No
Housg2,4,0,No
Keeper,4,0,No
Naliames,4,0,No
Thraxi,4,0,No
Lenore,4,0,No
Eldotd,4,0,No
Shartd,4,0,No
Slave3,4,0,No
Slave4,4,0,No
Monken,4,0,No
Servan,4,0,No
Nobl10,4,0,No
Ftobe7,4,0,No
Prost3,4,0,No
Serwen,4,0,No
Wauksto,4,0,No
Housg6,4,0,No
Boyba1,4,0,No
Boyba2,4,0,No
Womand,4,0,No
Mtowbas,4,0,No
Izefia,4,0,No
Doomsay,4,0,No
Sanadal,4,0,No
Fatwba,4,0,No
Prost1,4,0,No
Jim,4,0,No
Noblem1,4,0,No
Algern,4,0,No
Noble2,4,0,No
Fuller2,4,0,No
Girl1,4,0,No
Mtownaz,4,0,No
Laryss,4,0,No
Noober,4,0,No
Gord,4,0,No
Keshee,4,0,No
Shvert,4,0,No
Cscleric,4,0,No
Menda2,4,0,No
Thief3,4,0,No
Mvguard1,4,0,No
Majan,4,0,No
Dradee2,4,0,No
Copcust1,4,0,No
Yusuf,4,0,No
Ffcust07,4,0,No
Ffcook,4,0,No
Bmerch1,4,0,No
Bdock2,4,0,No
Bubbles,4,0,No
Swsfoll4,4,0,No
Talkni01,4,0,No
Loutm02,4,0,No
Deltow03,4,0,No
Delnob01,4,0,No
Ilman01,4,0,No
Victown4,4,0,No
Vicg3,4,0,No
Worker02,4,0,No
Haquat,4,0,No
Helmpr,4,0,No
Dawnmas,4,0,No
Firkra03,4,0,No
Arnfgt06,4,0,No
Pwarden,4,0,No
Ttbranj,4,0,No
Kproen02,4,0,No
Kpgate02,4,0,No
Vvmale5,4,0,No
Vvstand1,4,0,No
Trgeni03,4,0,No
Trcut05,4,0,No
Ppaph2,4,0,No
Trlgrd01,4,0,No
Trfued09,4,0,No
Trfued11,4,0,No
Sahrgr03,4,0,No
Sevpat02,4,0,No
Ppumb01,4,0,No
Pirpir02,4,0,No
Pirbob01,4,0,No
Cltcut02,4,0,No
Ppridd,4,0,No
Udvictim,4,0,No
Uddrow15,4,0,No
Uddrow12,4,0,No
Uddrow35,4,0,No
Uddrow25,4,0,No
C6Catti1,4,0,No
C6Wulf1,4,0,No
C6Regis1,4,0,No
Pirmur02,4,0,No
C6Arkan,4,0,No
Dmrest,4,0,No
Hllich,4,0,No
Hlkang,4,0,No
Jarlich,4,0,No
Dadrow22,4,0,No
Drstatu1,4,0,No
Drstatu2,4,0,No
Wmart2,4,0,No
Wmart1,4,0,No
Ohnwmc13,4,0,No
Gromg02,4,0,No
Loveone1,4,0,No
Loveone2,4,0,No
Loveone3,4,0,No
Ammonk01,4,0,No
Amarch01,4,0,No
Amman02,4,0,No
Amfem02,4,0,No
Amboy01,4,0,No
Amwar02,4,0,No
Sengua04,4,0,No
Sarspir,4,0,No
Ammajira,4,0,No
Amsmug01,4,0,No
Chalrv01,4,0,No
Ohdterp,4,4,Yes
Ohdhokk,4,4,Yes
Ohrmemb2,4,0,No
Ohhsarc,4,0,No
Ohrshr21,4,0,No
Ohrdanys,4,4,Yes
Rasaa25P,4,1,Yes
Ohndnob1,4,0,No
Ohndnob2,4,0,No
Ohndnob3,4,0,No
Neera25P,4,1,Yes
Ohbdorma,4,1,Yes
Ohnfmer1,4,0,No
Ohnredw7,4,0,No
Ohnmerc2,4,0,No
Ohblnggd,4,0,No
Ohdnoob,4,0,No
Ohnfeldr,4,0,No
Ohnredw2,4,0,No
Ohbszass,4,4,Yes
Ohnavrum,4,0,No
Ohbdrgd,4,0,No
Ohbgrest,4,0,No
Poghm2,3,0,No
Druid2,3,0,No
Minerc,3,0,No
Fcook2,3,0,No
Kindai,3,0,No
Thiefg,3,0,No
Utor,3,0,No
Irongu,3,0,No
Minec5,3,0,No
Flam5,3,0,No
Flamen,3,0,No
Halfen,3,0,No
Halfg3,3,0,No
Mtowf2,3,0,No
Prost5,3,0,No
Games2,3,0,No
Drowwa,3,0,No
Ghast3,3,0,No
Celich,3,0,No
Cedelich,3,0,No
Csheck1,3,0,No
Csheck3,3,0,No
Laola,3,0,No
Oogiew,3,0,No
Life3,3,0,No
Bfaldo,3,0,No
Gerde,3,0,No
Agnasi,3,0,No
Euric,3,0,No
Anno1,3,0,No
Xanp,3,0,No
Xzarp,3,0,No
Skiep,3,0,No
Guard1,3,0,No
Aloraj,3,0,No
Csimoen,3,0,No
Krysti,3,0,No
Ilyich,3,0,No
Dilak,3,0,No
Gyllia,3,0,No
Sailal,3,0,No
Slamng01,3,0,No
Imoenp,3,0,No
Pangwa,3,0,No
Triado,3,0,No
Dhania,3,0,No
Quaylem,3,0,No
Destus,3,0,No
Cssupp1,3,0,No
Cssupp2,3,0,No
Cssupp3,3,0,No
Bhghoul1,3,0,No
Mirror,3,0,No
Tellan,3,0,No
Zaviera,3,0,No
Surayah,3,0,No
Ltalos,3,0,No
Reti,3,0,No
Repthf1,3,0,No
Swsfoll3,3,0,No
Swsfoll5,3,0,No
Latkni01,3,0,No
Helmkni1,3,0,No
Loutm01,3,0,No
Loutm03,3,0,No
Wwench,3,0,No
Victown2,3,0,No
Victown3,3,0,No
Bodyg1,3,0,No
Prisong1,3,0,No
Pris01,3,0,No
Pris02,3,0,No
Haquatg,3,0,No
Kaysmg01,3,0,No
Ahammed,3,0,No
Plfarm01,3,0,No
Ffbiff01,3,0,No
Rigen02,3,0,No
Tbser1,3,0,No
Tbjaheir,3,0,No
Alynar,3,0,No
Crolus,3,0,No
Ddguard4,3,0,No
Vvshad1,3,0,No
Vvsalia,3,0,No
Bdaud01,3,0,No
Bdaud02,3,0,No
Bdaud03,3,0,No
Mgass01,3,0,No
Vvstand2,3,0,No
Vvstand3,3,0,No
Ppdra2,3,0,No
Trfued10,3,0,No
Ppduelc,3,0,No
Sahrgr01,3,0,No
Sahrgr02,3,0,No
Sevpat05,3,0,No
Elearb08,3,0,No
Elearb09,3,0,No
Pirpir03,3,0,No
Pirsal02,3,0,No
Pirsal01,3,0,No
Tdr10A,3,0,No
Firamb01,3,0,No
Sahgrd03,3,0,No
Udsvir06,3,0,No
Udsola02,3,0,No
Udphae02,3,0,No
Irethf02,3,0,No
Uddrow11,3,0,No
Uddrow13,3,0,No
Uddrow36,3,0,No
C6Drizz2,3,0,No
C6Eric,3,0,No
Pirmur07,3,0,No
Hlshade,3,0,No
Lusette,3,0,No
Dadrow13,3,0,No
Daslave2,3,0,No
Daslave4,3,0,No
Daslave6,3,0,No
Daslave7,3,0,No
Dagith2,3,0,No
Udilsla1,3,0,No
Suraam,3,0,No
Stolen,3,0,No
Stolen2,3,0,No
Drstatu3,3,0,No
Bdgoph02,3,0,No
Sahpr5,3,0,No
Pfree,3,0,No
Sarboy01,3,0,No
Sargrl01,3,0,No
Amgirl01,3,0,No
Senmonk,3,0,No
Sarelf02,3,0,No
Sarelf03,3,0,No
Sarelf04,3,0,No
Amintb01,3,0,No
Amcapt01,3,0,No
Chalpc01,3,0,No
Yscara01,3,0,No
Ohrslara,3,0,No
Ohrovs2,3,0,No
Ohbthass,3,0,No
Ohnmerc3,3,0,No
Ohnpotme,3,0,No
Ohnscrme,3,0,No
Ohnwanme,3,0,No
Ohbgua11,3,0,No
Ohnsub9,3,0,No
Ohnsub55,3,0,No
Ohnsub11,3,0,No
Ohnsub69,3,0,No
Ohnthkni,3,0,No
Ohbwing2,3,0,No
Pnashk,2,0,No
Nhuntc,2,0,No
Friwen,2,0,No
Ogrmba,2,0,No
Blane,2,0,No
Bran,2,0,No
Sil,2,0,No
Watchm,2,0,No
Farm3,2,0,No
Yeslid,2,0,No
Hobgod,2,0,No
Mcook,2,0,No
Read4,2,0,No
Xzar,2,0,No
Del,2,0,No
Slave,2,0,No
Ohnslave,2,0,No
Yago,2,0,No
Nobl11,2,0,No
Flam7,2,0,No
Flam8,2,0,No
Halfg5,2,0,No
Ftobe4,2,0,No
Boybe2,2,0,No
Mcook2,2,0,No
Prost2,2,0,No
Mcook4,2,0,No
Prost6,2,0,No
Nobl14,2,0,No
Prost8,2,0,No
Mcook6,2,0,No
Ftowb3,2,0,No
Reven2,2,0,No
Mtob7,2,0,No
Chhelp,2,0,No
Warrid,2,0,No
Denkod,2,0,No
Karan1,2,0,No
Amsleep,2,0,No
Csheck2,2,0,No
Daerragh,2,0,No
Karan,2,0,No
Ogreco,2,0,No
Ajantj,2,0,No
Branwj,2,0,No
Custom,2,0,No
Safanj,2,0,No
Csgayl,2,0,No
Sirlot,2,0,No
Yeslij,2,0,No
Boy3,2,0,No
Stepha,2,0,No
Poghm9,2,0,No
Tipian,2,0,No
Tartus,2,0,No
Mage1,2,0,No
Mage2,2,0,No
Karp,2,0,No
Slaver2,2,0,No
Slslave,2,0,No
Narrat2,2,0,No
Dean,2,0,No
Dopdur1,2,0,No
Dopdur2,2,0,No
Cuteki,2,0,No
Stguard1,2,0,No
Stguard3,2,0,No
Wolfw2,2,0,No
Slaverm,2,0,No
Tot,2,0,No
Therel,2,0,No
Chess,2,0,No
Appar,2,0,No
Bhghoul2,2,0,No
Sguard2,2,0,No
Jahaboam,2,0,No
Grskel1,2,0,No
Gphil03,2,0,No
Bodyg2,2,0,No
Bregg,2,0,No
Ffusher2,2,0,No
Ffusher1,2,0,No
Ffcrowd1,2,0,No
Ffcrowd3,2,0,No
Riftm02,2,0,No
Korcrazy,2,0,No
Bheye,2,0,No
Uhogre02,2,0,No
Uhogre03,2,0,No
Uhogre04,2,0,No
Uhogre05,2,0,No
Firwlf02,2,0,No
Jugjug01,2,0,No
Jangit01,2,0,No
Vulfgt01,2,0,No
Pthral01,2,0,No
Pthral04,2,0,No
Pthral05,2,0,No
Firorc01,2,0,No
Obsdem03,2,0,No
Plmetg01,2,0,No
Mekrat,2,0,No
Rigen03,2,0,No
Rumar01,2,0,No
Arnman11,2,0,No
Arnman10,2,0,No
Arnwar07,2,0,No
Tbimoen,2,0,No
Tbminsc,2,0,No
Tbminscj,2,0,No
Kproen04,2,0,No
Kproen05,2,0,No
Kpsold03,2,0,No
Kpsold04,2,0,No
Kpgate01,2,0,No
Ddguard1,2,0,No
Ddguard2,2,0,No
Ddguard3,2,0,No
Ddguard5,2,0,No
Ddguard6,2,0,No
Vvshad5,2,0,No
Vvshad6,2,0,No
Bdturm01,2,0,No
Rngsha02,2,0,No
Vvamn2,2,0,No
Vvamn3,2,0,No
Trrak02,2,0,No
Trrak03,2,0,No
Trcut01,2,0,No
Ppdili2,2,0,No
Ppnalj2,2,0,No
Ppsailor,2,0,No
Nalfal,2,0,No
Sahcpt01,2,0,No
Sahgrd01,2,0,No
Sahgrd02,2,0,No
Cefgt04,2,0,No
Cefgt03,2,0,No
Pirpir07,2,0,No
Pirpir11,2,0,No
Ppgenie,2,0,No
Pirexe01,2,0,No
Drshnl01,2,0,No
Kpserv01,2,0,No
Firamb02,2,0,No
Firamb03,2,0,No
Dgdru01,2,0,No
Sahimp03,2,0,No
Sahimp04,2,0,No
Sahimp05,2,0,No
Sahimp06,2,0,No
Sahimp07,2,0,No
Kalwrk01,2,0,No
Udsvir02,2,0,No
Rethug04,2,0,No
Ppalt,2,0,No
Uddrow01,2,0,No
Uddrow03,2,0,No
Irethf03,2,0,No
Uddrow20,2,0,No
Uddrow21,2,0,No
Udslv01,2,0,No
Udslv04,2,0,No
Udelf01,2,0,No
C6Cler1,2,0,No
C6Cler2,2,0,No
C6Cler3,2,0,No
Udelf02,2,0,No
Udelf03,2,0,No
Dadrow14,2,0,No
Daslave5,2,0,No
Pirsea01,2,0,No
Valran01,2,0,No
Sarman01,2,0,No
Sarfem01,2,0,No
Sarfem03,2,0,No
Sarfem04,2,0,No
Sarman04,2,0,No
Sargrd01,2,0,No
Sargrd02,2,0,No
Hgskl01,2,0,No
Ammonk03,2,0,No
Bhaal01,2,0,No
Wpcust1,2,0,No
Sardw04,2,0,No
Sardw05,2,0,No
Sarelf06,2,0,No
Sarmist,2,0,No
Ammgrd02,2,0,No
Ammerc07,2,0,No
Fsdragon,2,0,No
Ohrmemb3,2,0,No
Ohrherm,2,0,No
Ohhghst1,2,0,No
Ohrovidi,2,0,No
Ohrsgua1,2,0,No
Ohrsepho,2,2,Yes
Ohrsgma2,2,0,No
Ohryxtra,2,0,No
Ohrshad2,2,0,No
Ohbconco,2,0,No
Ohnredw1,2,0,No
Ohnguar1,2,0,No
Ohdby01,2,0,No
Ohnamns,2,0,No
Ohnmolza,2,0,No
Gallor,1,0,No
Fuckyu,1,0,No
Tamoko3,1,0,No
Vaelag,1,0,No
Towncr,1,0,No
Guarca,1,0,No
Mummy,1,0,No
Fecook,1,0,No
Games,1,0,No
Iron4,1,0,No
Iron6,1,0,No
Iron8,1,0,No
Raleo,1,0,No
Slave2,1,0,No
R274,1,0,No
Farm4,1,0,No
Poghm4,1,0,No
Read2,1,0,No
Slave6,1,0,No
Gnoll5,1,0,No
Hairto,1,0,No
Tethto,1,0,No
Merchg,1,0,No
Friend,1,0,No
Nobl9,1,0,No
Ogrma3,1,0,No
Ftobe2,1,0,No
Ftobe3,1,0,No
Housg1,1,0,No
Ftobe9,1,0,No
Ftobe6,1,0,No
Noblay,1,0,No
Mtob4,1,0,No
Mtob5,1,0,No
Torlob,1,0,No
Mtob9,1,0,No
Mtob10,1,0,No
Ftowb4,1,0,No
Girba3,1,0,No
Test2,1,0,No
Boybe1,1,0,No
Flam11,1,0,No
Ssungu,1,0,No
Prosla,1,0,No
Mcook5,1,0,No
Mcook3,1,0,No
Voice,1,0,No
Ironm2,1,0,No
Ironho,1,0,No
Housg5,1,0,No
Ogred,1,0,No
Whitkd,1,0,No
Halffg,1,0,No
Gerald,1,0,No
Parda3,1,0,No
Ftowbas,1,0,No
Banditcy,1,0,No
Amnish,1,0,No
Ffsleep,1,0,No
Faizah,1,0,No
Rance,1,0,No
Takiyah,1,0,No
Fafight,1,0,No
Spengil,1,0,No
Dork,1,0,No
Caldo,1,0,No
Knightsk,1,0,No
Duergar1,1,0,No
Cutgor,1,0,No
Cutsar,1,0,No
Thiefm,1,0,No
Fergus,1,0,No
Priobg,1,0,No
Flamhusb,1,0,No
Tiaxp,1,0,No
Amng2,1,0,No
Duergar3,1,0,No
Glad1,1,0,No
Flampun,1,0,No
Erik,1,0,No
Binkos,1,0,No
Sprat,1,0,No
Mick,1,0,No
Andout,1,0,No
Slythe,1,0,No
Zhent,1,0,No
Surrey,1,0,No
Jamie,1,0,No
Lestor,1,0,No
Cantic,1,0,No
Faber,1,0,No
Jardak,1,0,No
Igolfle4,1,0,No
Flamvai,1,0,No
Mugger2,1,0,No
Sailnew,1,0,No
Sailfin,1,0,No
Sailned,1,0,No
Slaver3,1,0,No
Artola,1,0,No
Glart,1,0,No
Fuller3,1,0,No
Parda1,1,0,No
Bip,1,0,No
Gaylan,1,0,No
Stguard2,1,0,No
Wolfw3,1,0,No
Tat,1,0,No
Crew,1,0,No
Leaggu,1,0,No
Death1,1,0,No
Meiala,1,0,No
Hack,1,0,No
Bullrush,1,0,No
Bhghoul3,1,0,No
Theshal,1,0,No
Quint,1,0,No
Scook,1,0,No
Sbutler,1,0,No
Kftown02,1,0,No
Bguard1,1,0,No
Swsfoll1,1,0,No
Amnlegs,1,0,No
Heartg1,1,0,No
Heartg2,1,0,No
Yochlol,1,0,No
Amncen1,1,0,No
Prisong2,1,0,No
Ffcrowd2,1,0,No
Ffcrowd4,1,0,No
Ffcrowd5,1,0,No
Knight,1,0,No
Riftcr04,1,0,No
Starcher,1,0,No
Hacton,1,0,No
Hactong,1,0,No
Korscroo,1,0,No
Bhgaal01,1,0,No
Theif,1,0,No
Bhguard,1,0,No
Shthoff1,1,0,No
Shadra01,1,0,No
Uhgibb01,1,0,No
Korpimg1,1,0,No
Spphil,1,0,No
Spsamar,1,0,No
Sptredd,1,0,No
Spbene,1,0,No
Mekimp01,1,0,No
Jangit02,1,0,No
Mook02,1,0,No
Arnfgt03,1,0,No
Arnfgt04,1,0,No
Flyfgt01,1,0,No
Bodvam01,1,0,No
Bodvam02,1,0,No
Bhcrypt,1,0,No
Clelun01,1,0,No
Amia,1,0,No
Pbhunt02,1,0,No
Sguard3,1,0,No
Pwyvv01,1,0,No
Pmaster,1,0,No
Plmetg02,1,0,No
Plmetw01,1,0,No
Jaella2,1,0,No
Brus,1,0,No
Gaelan2,1,0,No
Arntra04,1,0,No
Arntra05,1,0,No
Aran02,1,0,No
Ttser1,1,0,No
Booter02,1,0,No
Tbxan,1,0,No
Arnwar06,1,0,No
Tbbran,1,0,No
Moondog,1,0,No
Conpanel,1,0,No
Thrall,1,0,No
Kpsham01,1,0,No
Kproen03,1,0,No
Akae,1,0,No
Rngwlf02,1,0,No
Rngwlf03,1,0,No
Uhrang01,1,0,No
Bdcoun02,1,0,No
Rngsha04,1,0,No
Gamguy,1,0,No
Trcut02,1,0,No
Sleepdw,1,0,No
Nalguar1,1,0,No
Nalguar2,1,0,No
Sahzom01,1,0,No
Trple04,1,0,No
Pirpir09,1,0,No
Pirpir12,1,0,No
Pirpir01,1,0,No
Abydem01,1,0,No
Ppdjinn,1,0,No
Kpsold09,1,0,No
Kpsold10,1,0,No
Kpsold08,1,0,No
Firrak01,1,0,No
Dgfig01,1,0,No
Dgmag01,1,0,No
Copamb01,1,0,No
Cltcut03,1,0,No
Sewrak01,1,0,No
Ppaltk1,1,0,No
Ppaltk2,1,0,No
Udgith02,1,0,No
Igolfle2,1,0,No
Igolfle1,1,0,No
Udelder,1,0,No
Irethf01,1,0,No
Udslv03,1,0,No
Lin,1,0,No
C6Elvenw,1,0,No
Suelli,1,0,No
Hellvict,1,0,No
C6Bguard,1,0,No
Hlketta,1,0,No
Vampaer,1,0,No
Vampano,1,0,No
Vampjah,1,0,No
Vampvic,1,0,No
Dadrow15,1,0,No
Daslave3,1,0,No
Dagenie,1,0,No
Jael01,1,0,No
Dadrow11,1,0,No
Dadrow10,1,0,No
Dadrow9,1,0,No
Dadrow8,1,0,No
Daqilue,1,0,No
Hdragsil,1,0,No
Lucy,1,0,No
Hldemi,1,0,No
Diatest1,1,0,No
Grvlch01,1,0,No
Drslayer,1,0,No
Habib,1,0,No
Tantug01,1,0,No
Kpcapt03,1,0,No
Mumfig01,1,0,No
Uddrow02,1,0,No
Sujon2,1,0,No
Uddoor03,1,0,No
C6Elfgen,1,0,No
C6Gen,1,0,No
Pirprv01,1,0,No
Uddoor09,1,0,No
Vicg1,1,0,No
Fsspira,1,0,No
Fsspirb,1,0,No
Fsspirc,1,0,No
Sarman02,1,0,No
Yagber,1,0,No
Rock,1,0,No
Garock,1,0,No
Wpwench1,1,0,No
Wpcust2,1,0,No
Sarcul02,1,0,No
Sartro01,1,0,No
Sarelf05,1,0,No
Amsmug02,1,0,No
Senken01,1,0,No
Sarpris1,1,0,No
Sarpris2,1,0,No
Saralegs,1,0,No
Ohbnpc01,1,0,No
Ohrmemb1,1,0,No
Ohrhorva,1,0,No
Ohrcoren,1,0,No
Ohrheret,1,0,No
Ohrranhm,1,0,No
Ohhgm03,1,0,No
Ohrsdg2,1,0,No
Ohrsdg1,1,0,No
Ohrsgua2,1,0,No
Ohrjassa,1,1,Yes
Ohrovs9,1,0,No
Ohrshm9,1,0,No
Ohrshg01,1,0,No
Ohrdwrf1,1,0,No
Ohrmassa,1,0,No
Ohnettin,1,0,No
Ohbpol,1,0,No
Ohdsolar,1,0,No
Ohnlea,1,0,No
Ohnvoghi,1,0,No
Ohnsub42,1,0,No
Ohnsub5,1,0,No
Ohnsub34,1,0,No
Ohnsub13,1,0,No
Ohnredw8,1,0,No
Ohdhrt1,1,0,No
